{
  "timestamp": "2026-03-08T15:10:21.563408",
  "training_config": {
    "samples": 300,
    "mean": 502.1576286941367,
    "std": 32.05727720757014,
    "contamination": 0.05
  },
  "evaluation_metrics": {
    "accuracy": 0.9433333333333334,
    "precision": 0.4444444444444444,
    "recall": 0.8571428571428571,
    "f1_score": 0.5853658536585367,
    "confusion_matrix": {
      "true_positives": 12,
      "true_negatives": 271,
      "false_positives": 15,
      "false_negatives": 2
    }
  },
  "model_info": {
    "is_trained": true,
    "contamination": 0.05,
    "n_estimators": 100,
    "mean_normal": 502.1576286941367,
    "std_normal": 32.05727720757014
  }
}